classifier,feature_set,mean_auc,std_auc,fold_1_auc,fold_2_auc,fold_3_auc,fold_4_auc,fold_5_auc
logistic_regression,Shannon only,0.684860954575114,0.019636651868359355,0.6544374048425913,0.6925985953538628,0.7023230686115614,0.6698099307499632,0.7051357733175915
logistic_regression,Topology only,0.668306244367096,0.03633017692585686,0.6541918373360838,0.6985904425126467,0.6913216443200236,0.602966455478611,0.6944608421881149
logistic_regression,Topology + Shannon,0.6963778473871299,0.0360971102638463,0.6709886547811994,0.7270762732675212,0.7267324787584107,0.637493246893571,0.7195985832349469
random_forest,Shannon only,0.5754918764993173,0.019888835871650183,0.5637247679387064,0.5509798143509652,0.6105790481803448,0.5779185698148421,0.5742571822117277
random_forest,Topology only,0.6315919009285003,0.032711400506309427,0.5718284956534552,0.6684347527135209,0.6402190462158046,0.6497961789695987,0.6276810310901221
random_forest,Topology + Shannon,0.6501408664514603,0.04983160191536476,0.5544177594420707,0.7005058690634055,0.6616570895339129,0.6647021266146063,0.6694214876033058
