condition,h1_count,h1_entropy,h1_total_persistence,h1_mean_lifetime,h1_max_lifetime,max_betti1
all_remission,10,2.113960200258206,1.3282866477966309,0.1328286647796631,0.2758386433124542,7
